Word,Valence Mean,Arousal Mean,Dominance Mean,Happiness Mean,Anger Mean,Sadness Mean,Fear Mean,Disgust Mean
abduction,2.76,5.53,3.49,1.13,3.53,3.73,3.6,3.19
abortion,3.5,5.39,4.59,1.29,2.58,3.4,2.42,2.97
absurd,4.26,4.36,4.73,1.52,1.87,1.35,1.48,1.48
abundance,6.59,5.51,5.8,3.06,1.19,1.16,1.16,1.32
abuse,1.8,6.83,3.69,1.07,3.77,3.7,3.13,3.6
acceptance,7.98,5.4,6.64,3.39,1.19,1.58,1.71,1.32
accident,2.05,6.26,3.76,1.1,2.41,3.1,3.24,1.9
ace,6.88,5.5,6.39,3.32,1.25,1.04,1.46,1.11
ache,2.46,5,3.54,1.2,2.28,2.23,2.1,1.86
achievement,7.89,5.53,6.56,4.25,1.04,1.04,1.36,1.14
activate,5.46,4.86,5.43,1.94,1.42,1.26,1.45,1.32
addict,2.48,5.66,3.72,1.23,2.19,2.81,2.29,2.71
addicted,2.51,4.81,3.46,1.32,2.42,2.65,2.65,2.65
admired,7.74,6.11,7.53,3.41,1.34,1.24,1.62,1.38
adorable,7.81,5.12,5.74,3.68,1.11,1.11,1.14,1.11
adult,6.49,4.76,5.75,2.21,1.21,1.32,1.71,1.07
advantage,6.95,4.76,6.36,3.29,1.43,1.14,1.21,1.21
adventure,7.6,6.98,6.46,3.79,1.04,1.04,2,1
affection,8.39,6.21,6.08,3.97,1.33,1.43,1.37,1.17
afraid,2,6.67,3.98,1.23,2.27,2.7,4.2,1.7
aggressive,5.1,5.83,5.59,1.94,3.08,1.4,2.32,1.65
agility,6.46,4.85,5.87,3.1,1.28,1,1.1,1.1
agony,2.43,6.06,4.02,1.1,2.39,3,2.48,1.68
agreement,7.08,5.02,6.22,3.06,1.32,1.39,1.19,1.23
air,6.34,4.12,5.1,2.36,1,1.04,1.14,1.11
alcoholic,2.84,5.69,4.45,1.5,2.54,3.21,2.82,2.39
alert,6.2,6.85,5.96,1.87,1.63,1.27,2.2,1.4
alien,5.6,5.45,4.64,1.48,1.58,1.32,2,1.52
alimony,3.95,4.3,4.63,1.5,2,2.36,1.86,1.75
alive,7.25,5.5,6.39,4.14,1.11,1.11,1.21,1.07
allergy,3.07,4.64,3.21,1.23,2.1,1.97,1.87,2.43
alley,4.48,4.91,4,1.76,1.28,1.52,2.55,1.59
alone,2.41,4.83,3.7,1.21,1.71,3.5,2.82,1.57
aloof,4.9,4.28,4.69,2,1.51,1.55,1.47,1.46
ambition,7.04,5.61,6.93,3.43,1.37,1.47,1.83,1.3
ambulance,2.47,7.33,3.22,1.21,1.68,3.25,3.21,1.36
angel,7.53,4.83,4.97,4.36,1,1.07,1.18,1
anger,2.34,7.63,5.5,1.07,4.4,2.5,2.23,1.97
angry,2.85,7.17,5.55,1.03,4.48,2.45,2.55,2.14
anguished,2.12,5.33,3.45,1.21,2.51,3.16,2.3,2.48
ankle,5.27,4.16,4.77,1.5,1.25,1.25,1.29,1.21
annoy,2.74,6.49,5.09,1.1,3.63,1.67,1.73,2.77
answer,6.63,5.41,5.85,2.3,1.37,1.4,1.67,1.13
anxious,4.81,6.92,5.33,2,1.67,1.83,2.33,1.43
applause,7.5,5.8,6.48,3.6,1.17,1.03,1.14,1.03
appliance,5.1,4.05,5.05,1.79,1.21,1.18,1.25,1.11
arm,5.34,3.59,5.07,1.86,1.28,1.03,1.17,1.17
army,4.72,5.03,5.03,2.13,2.32,1.94,2.68,1.55
aroused,7.97,6.63,6.14,4.31,1.07,1.1,1.34,1.28
arrogant,3.69,5.65,5.14,1.39,2.87,1.45,1.48,2.35
art,6.68,4.86,5.3,3,1.65,1.74,1.52,1.55
assassin,3.09,6.28,4.33,1.07,3.07,2.07,3.32,2.04
assault,2.03,7.51,3.94,1.21,3.76,3.07,3.45,2.93
astonished,6.56,6.58,5.16,2.03,1.32,1.26,1.52,1.13
astronaut,6.66,5.28,5.2,3.03,1.17,1.28,1.79,1.1
athletics,6.61,6.1,6.12,4.03,2,1.62,1.55,1.48
autumn,6.3,4.51,5.15,3.39,1.26,1.58,1.26,1.16
avalanche,3.29,5.54,3.61,1.31,2,2.31,3.83,1.62
avenue,5.5,4.12,5.4,1.86,1.21,1.17,1.17,1.21
awed,6.7,5.74,5.3,3.34,1.53,1.64,1.31,1.19
baby,8.22,5.53,5,4.17,1.1,1.3,1.47,1.2
bake,6.17,5.1,5.49,3,1.11,1.04,1.25,1
bandage,4.54,3.9,4.52,1.14,1.36,1.64,1.71,1.64
bankrupt,2,6.21,3.27,1.06,2.48,2.87,2.74,2.1
banner,5.4,3.83,4.8,2.03,1.2,1.1,1.1,1.17
bar,6.42,5,5.47,3.06,1.35,1.39,1.19,1.42
barrel,5.05,3.36,4.89,1.42,1.16,1.16,1.16,1.16
basket,5.45,3.63,5.76,2,1.1,1.24,1.14,1.1
bastard,3.36,6.07,4.17,1.33,3.2,2.37,1.6,2.2
bath,7.33,4.16,6.41,3.33,1.3,1.17,1.2,1.53
bathroom,5.55,3.88,5.65,1.75,1.07,1.04,1.29,2.11
bathtub,6.69,4.36,5.76,2.61,1.07,1.07,1.14,1.21
beach,8.03,5.53,5.44,4.03,1.2,1.37,1.43,1.2
beast,4.23,5.57,4.89,1.39,1.89,1.39,2.89,1.61
beautiful,7.6,6.17,6.29,4.31,1.24,1.24,1.31,1.14
beauty,7.82,4.95,5.53,4.28,1.17,1.28,1.07,1.1
bed,7.51,3.61,6.88,3.63,1.13,1.63,1.37,1.23
bees,3.2,6.51,4.16,1.31,2.66,1.21,3,1.97
beggar,3.22,4.91,4.09,1.18,2.15,3.19,1.46,1.68
bench,4.61,3.59,4.68,1.21,1.32,1.36,1.25,1.14
bereavement,4.57,4.2,4.33,1.31,1.89,2.09,1.55,1.5
betray,1.68,7.24,4.92,1.14,4.1,3.03,2.7,3.24
beverage,6.83,5.21,5.63,3.29,1.21,1.14,1.11,1.07
bird,7.27,3.17,4.42,2.75,1.11,1.14,1.18,1.21
birthday,7.84,6.68,5.89,4.48,1.03,1.19,1.16,1.03
black,5.39,4.61,5.14,1.43,2.57,2.67,2.47,2.27
blackmail,2.95,6.03,3.54,1,3.61,2.43,2.71,2.5
bland,4.1,3.29,4.88,1.27,1.5,1.73,1.3,1.93
blase,4.89,3.94,4.57,1.48,1.31,1.52,1.5,1.28
blasphemy,3.75,4.93,4.75,1.23,2.48,1.9,1.77,1.87
bless,7.19,4.05,5.52,3.79,1.07,1.07,1.04,1
blind,3.05,4.39,3.28,1.2,2.1,3.33,2.83,1.37
bliss,6.95,4.41,6.12,4.55,1.14,1.07,1.14,1.07
blister,2.88,4.1,3.98,1.03,2.6,1.85,1.96,2.8
blond,6.43,5.07,5.74,3.21,1.45,1.34,1.28,1.34
bloody,2.9,6.41,3.96,1.18,2.62,2.97,3.53,3.59
blossom,7.26,5.03,5.53,3.31,1.07,1.1,1.07,1.1
blubber,3.52,4.57,3.86,1.76,1.69,1.83,1.59,2.59
blue,6.76,4.31,5.63,2.6,1.5,2.63,1.4,1.33
board,4.82,3.36,4.98,1.57,1.77,1.6,1.53,1.49
body,5.55,5.52,5.34,3.24,1.48,1.28,1.21,1.38
bold,6.8,5.6,6.67,2.53,1.87,1.37,1.7,1.33
bomb,2.1,7.15,4.54,1.2,3.17,2.65,3.33,2.13
book,5.72,4.17,5.3,2.77,2.03,1.8,1.8,1.83
bored,2.95,2.83,4.11,1.1,1.9,2.14,1.24,1.9
bottle,6.15,4.79,4.78,2.4,1.47,1.63,1.6,1.5
bouquet,7.02,5.46,6.15,3.41,1.14,1.14,1.1,1.1
bowl,5.33,3.47,4.69,1.97,1.35,1.23,1.23,1.35
boxer,5.51,5.12,5.1,2.13,1.9,1.29,1.87,1.42
boy,6.32,4.58,5.34,2.19,1.39,1.48,1.52,1.42
brave,7.15,6.15,7.22,3.5,1.32,1.14,1.82,1
breast,6.5,5.37,5.39,3.77,1.2,1.47,1.37,1.2
breeze,6.85,4.37,5.54,3.42,1.1,1.16,1.06,1.13
bride,7.34,5.55,5.74,3.96,1.07,1.21,1.14,1
bright,7.5,5.4,6.34,3.35,1.32,1.13,1.06,1.19
broken,3.05,5.43,4.14,1.07,2.71,3.07,2.29,1.5
brother,7.11,4.71,5.12,3.6,1.87,1.47,1.38,1.33
brutal,2.8,6.6,4.59,1.27,3.57,2.63,2.87,2.43
building,5.29,3.92,5.25,1.83,1.21,1.21,1.55,1.31
bullet,3.29,5.33,3.9,1.14,2.29,2.14,3.04,1.82
bunny,7.24,4.06,4.97,3.47,1.1,1.17,1.13,1.17
burdened,2.5,5.63,5.03,1.2,2.76,2.57,2,2.14
burial,2.05,5.08,3.55,1.23,2,4.03,2.23,1.26
burn,2.73,6.22,4.22,1.13,2.8,2.37,3.13,2.1
bus,4.51,3.55,4.84,1.55,1.45,1.35,1.52,1.42
busybody,5.17,4.84,5.45,1.86,1.9,1.63,1.31,1.97
butter,5.33,3.17,4.67,2.07,1.17,1.2,1.17,1.67
butterfly,7.17,3.47,4.65,3.3,1.27,1.27,1.3,1.37
cabinet,5.05,3.43,4.73,1.47,1.1,1.07,1.13,1.27
cake,7.26,5,5.16,3.6,1.07,1.13,1.07,1.25
cancer,1.5,6.42,3.42,1.1,2.87,3.52,3.48,2.29
candy,6.54,4.58,5.33,3.61,1.04,1.04,1.14,1.36
cane,4,4.2,4.27,1.34,1.54,1.84,1.23,1.17
cannon,4.9,4.71,5.17,1.47,2.2,1.47,2.5,1.47
capable,7.16,5.08,6.47,3.1,1.38,1.41,1.59,1.38
car,7.73,6.24,6.98,3.41,1.55,1.24,1.72,1.24
carcass,3.34,4.83,4.9,1.14,1.97,2.59,2.45,3.21
carefree,7.54,4.17,5.78,3.32,1.21,1.14,1.14,1.14
caress,7.84,5.14,5.83,3.83,1.1,1.3,1.1,1.2
cash,8.37,7.37,6.96,4.07,1.52,1.39,1.38,1.52
casino,6.81,6.51,5.12,3.07,1.5,1.57,1.57,1.21
cat,5.72,4.38,6.16,2.36,1.54,1.25,1.18,1.36
cell,3.82,4.08,4.12,1.96,1.46,1.79,1.86,1.46
cellar,4.32,4.39,4.66,1.29,1.35,1.48,2.32,1.58
cemetery,2.63,4.82,4.27,1.17,2.07,3.9,2.52,1.62
chair,5.08,3.15,4.56,1.59,1.03,1.03,1.14,1.03
champ,7.18,6,6.77,4.16,1.13,1.17,1.2,1.13
champion,8.44,5.85,6.5,4.21,1.38,1.31,1.28,1.17
chance,6.02,5.38,4.64,2.83,1.4,1.53,2.1,1.37
chaos,4.17,6.67,3.86,1.65,2.29,1.84,2.48,1.74
charm,6.77,5.16,5.57,3.64,1.18,1.18,1.18,1.07
cheer,8.1,6.12,6,4.14,1.07,1.07,1.21,1.24
child,7.08,5.55,5.1,4.07,1.34,1.48,1.55,1.21
chin,5.29,3.31,5.26,1.4,1.17,1.13,1.17,1.17
chocolate,6.88,5.29,5.18,4.03,1.1,1.28,1.17,1.21
christmas,7.8,6.27,5.37,4.63,1.3,1.57,1.1,1.17
church,6.28,4.34,5,3.07,1.25,1.18,1.43,1.07
circle,5.67,3.86,5.03,1.76,1.03,1.03,1.17,1.03
circus,7.3,5.97,5.39,3.4,1.3,1.5,1.57,1.4
city,6.03,5.24,5.74,2.64,1.39,1.15,1.61,1.25
cliff,4.67,6.25,4.35,1.77,1.34,1.57,2.73,1.13
clock,5.14,4.02,4.67,1.52,1.32,1.48,1.45,1.35
clothing,6.54,4.78,5.33,2.9,1.59,1.31,1.31,1.66
clouds,6.18,3.3,5.22,3.29,1.29,1.35,1.23,1.19
clumsy,4,5.18,3.86,1.7,2.37,1.93,1.7,1.63
coarse,4.55,4.21,5,1.38,1.86,1.45,1.48,1.62
coast,5.98,4.59,5.67,3.03,1.17,1.1,1.24,1
cockroach,2.81,6.11,4.74,1.07,2.07,1.39,2.25,4
coffin,2.56,5.03,4.08,1.2,1.97,3.99,3.28,1.87
coin,6.02,4.29,5.66,1.89,1.14,1.07,1.11,1.21
cold,4.02,5.19,4.69,1.43,2.25,1.93,1.89,1.39
color,7.02,4.73,6.17,3.1,1.23,1.35,1.32,1.26
column,5.17,3.62,4.81,1.39,1.23,1.23,1.19,1.13
comedy,8.37,5.85,5.44,4.46,1.07,1.04,1,1.07
comfort,7.07,3.93,5.7,4.14,1.04,1.04,1.04,1
computer,6.24,4.75,5.29,2.97,1.77,1.16,1.26,1.39
concentrate,5.2,4.65,4.97,1.76,1.69,1.28,1.17,1.14
confident,7.98,6.22,7.68,3.65,1.23,1.16,1.26,1.19
confused,3.21,6.03,4.24,1.19,2.19,2.13,1.94,1.45
consoled,5.78,4.53,4.44,2.76,1.48,2.34,1.52,1.41
contempt,3.85,5.28,5.13,1.85,2.45,1.41,1.72,1.59
contents,4.89,4.32,4.85,1.36,1.04,1,1.14,1.04
context,5.2,4.22,5.17,1.35,1.23,1.19,1.26,1.19
controlling,3.8,6.1,5.17,1.42,2.65,1.87,2.1,2
cook,6.16,4.44,5.14,2.89,1.25,1.11,1.25,1.18
cord,5.1,3.54,5,1.62,1.45,1.14,1.28,1.21
cork,5.22,3.8,4.98,2.21,1.24,1.14,1.21,1.21
corner,4.36,3.91,4.12,1.55,1.41,1.66,1.56,1.24
corpse,2.18,4.74,3.59,1.14,2.17,2.79,2.79,3.24
corridor,4.88,3.63,5,1.25,1.25,1.32,1.54,1.18
corrupt,3.32,4.67,4.64,1.16,3.1,2.32,2.35,2.48
cottage,6.45,3.39,5.39,3.07,1.07,1.13,1.07,1.07
couple,7.41,6.39,6.02,3.71,1.29,1.29,1.46,1.25
cow,5.57,3.49,5.32,2.1,1.24,1.38,1.28,1.38
coward,2.74,4.07,2.83,1.14,2.1,2.38,2.69,2.34
cozy,7.39,3.32,4.89,4.07,1.23,1.2,1.27,1.17
crash,2.31,6.95,3.44,1.19,2.65,3,3.23,1.9
crime,2.89,5.41,4.12,1.07,3.25,3,3.25,2.61
criminal,2.93,4.79,3.34,1,2.89,2.57,3.07,2.86
crisis,2.74,5.44,3.6,1.04,2.29,2.86,3.5,1.68
crown,6.58,4.28,6.06,3.41,1.24,1.1,1.24,1
crucify,2.23,6.47,3.74,1.3,3.07,3.43,2.77,3.4
crude,3.12,5.07,4.27,1.16,2.32,1.84,1.9,2.61
cruel,1.97,5.68,4.24,1,3.79,3.32,3.11,3.07
crushed,2.21,5.52,3.36,1.1,2.73,3.43,2.43,2.2
crutch,3.43,4.14,3.91,1.04,1.86,2.39,1.82,1.11
cuddle,7.72,4.4,5.85,4.3,1.13,1.35,1.23,1.1
cuisine,6.64,4.39,5.41,3.54,1.04,1,1.11,1.18
curious,6.08,5.82,5.42,2.5,1.36,1.29,1.5,1.07
curtains,4.83,3.67,5.05,1.46,1.07,1.29,1.04,1.04
custom,5.85,4.66,5,2.1,1.35,1.35,1.29,1.29
cut,3.64,5,4.7,1.17,2.77,2.17,2.7,2.2
cute,7.62,5.53,4.86,4.13,1.13,1.33,1.13,1.1
cyclone,3.6,6.36,4.89,1.24,2.24,2.31,3.38,1.34
dagger,3.38,6.14,4.52,1.17,2.52,1.93,3.24,1.66
damage,3.05,5.57,3.88,1.45,3.34,2.72,2.31,2.31
dancer,7.14,6,6.02,2.77,1.32,1.32,1.39,1.35
danger,2.95,7.32,3.59,1.47,2.57,2.23,3.63,1.63
dark,4.71,4.28,4.84,1.52,1.46,2.08,2.85,1.32
dawn,6.16,4.39,5.16,2.9,1.31,1.48,1.38,1.21
daylight,6.8,4.77,5.48,3.68,1.25,1.07,1.04,1.04
dazzle,7.29,6.33,5.62,3.1,1.13,1.1,1.06,1.1
dead,1.94,5.73,2.84,1.32,2.16,3,2.87,2.03
death,1.61,4.59,3.47,1.3,2.9,3.9,3.57,2.47
debt,2.22,5.68,3.02,1.17,3,3.31,3.1,2.38
deceit,2.9,5.68,3.95,1.2,3.2,2.53,2.13,2.29
decompose,3.2,4.65,4.02,1.07,1.25,1.75,1.54,2.96
decorate,6.93,5.14,6.05,2.9,1.13,1.13,1.19,1.23
defeated,2.34,5.09,3.11,1.14,3.46,3.25,2.36,2.07
defiant,4.26,6.1,5.77,1.77,2.4,1.65,1.81,1.63
deformed,2.41,4.07,3.95,1.1,1.84,3.13,2.16,2.71
delayed,3.07,5.62,3.64,1.29,2.29,1.7,1.74,1.48
delight,8.26,5.44,5.79,4.59,1.14,1.14,1.07,1.03
demon,2.11,6.76,4.89,1.04,3.14,2.32,3.75,2.46
dentist,4.02,5.73,3.8,1.65,1.81,1.68,2.52,1.81
depressed,1.83,4.72,2.74,1.04,2.5,4.23,2.87,2.07
depression,1.85,4.54,2.91,1.1,2.79,4.21,3.07,2.28
derelict,4.28,4.1,4.78,1.42,1.6,1.8,1.46,1.91
deserter,2.45,5.5,3.77,1.04,3.14,2.21,2.03,2.93
desire,7.69,7.35,6.49,3.76,1.57,1.31,1.55,1.07
despairing,2.43,5.68,3.43,1.1,2.17,3.3,2.27,1.87
despise,2.03,6.28,4.72,1.04,3.57,2.14,1.71,2.14
destroy,2.64,6.83,4.94,1.32,3.26,2.61,2.58,1.71
destruction,3.16,5.82,3.93,1.5,3.7,2.9,2.6,2.27
detached,3.86,4.26,3.63,1.35,1.74,2.39,1.84,1.13
detail,5.55,4.1,5.21,2.13,1.32,1.1,1.1,1.35
detest,2.17,6.06,5.83,1.07,2.8,1.81,1.87,2.6
devil,2.21,6.07,5.35,1,3.21,2.68,3.61,2.96
devoted,7.41,5.23,6.18,3.32,1.07,1.07,1.25,1
diamond,7.92,5.53,5.54,3.4,1.27,1.37,1.2,1.33
dignified,7.1,4.12,6.12,3.32,1.11,1.04,1.07,1.11
dinner,7.16,5.43,6.1,3.9,1.16,1.13,1.1,1.23
diploma,8,5.67,6.76,4.11,1,1.29,1.36,1
dirt,4.17,3.76,4.83,1.8,1.33,1.37,1.33,2.1
dirty,3.08,4.88,4.7,1.28,2.07,1.79,1.72,3.41
disappoint,2.39,4.92,3.29,1.06,2.61,3.1,2.74,1.9
disaster,1.73,6.33,3.52,1.11,2.96,3.5,3.43,2.43
discomfort,2.19,4.17,3.86,1.17,2.76,2.17,1.79,2.1
discouraged,3,4.53,3.61,1.14,2.45,2.66,1.62,1.72
disdainful,3.68,5.04,4.55,1.32,2.3,1.73,1.73,2.04
disgusted,2.45,5.42,4.34,1.23,1.9,1.52,1.58,4.53
disloyal,1.93,6.56,3.79,1.04,3.43,2.57,2.14,2.43
displeased,2.79,5.64,4.19,1.04,2.79,1.71,1.57,1.61
distressed,1.94,6.4,3.76,1.3,2.93,2.87,2.77,1.8
disturb,3.66,5.8,4.55,1.04,2.89,1.61,1.75,1.68
diver,6.45,5.04,5.04,2.32,1.11,1.07,1.57,1.14
divorce,2.22,6.33,3.26,1,3.14,3.64,3.11,2.57
doctor,5.2,5.86,4.89,2.37,1.76,1.8,2.47,1.47
dog,7.57,5.76,6.25,4.03,1.42,1.71,1.19,1.29
doll,6.09,4.24,4.61,2.1,1.41,1.28,1.45,1.52
dollar,7.47,6.07,6.33,3.13,1.42,1.35,1.48,1.26
door,5.13,3.8,4.69,1.7,1.7,1.4,1.43,1.23
dove,6.9,3.79,5.48,3.25,1.04,1.14,1.07,1.07
dreadful,2.26,5.84,4.1,1.21,2.28,2.59,2.62,2.38
dream,6.73,4.53,5.53,3.61,1.45,1.61,1.65,1.29
dreary,3.05,2.98,3.81,1.11,1.46,3,1.5,1.43
dress,6.41,4.05,5,2.29,1.18,1.21,1.32,1.11
drown,1.92,6.57,2.86,1.03,2.46,3.55,4.1,2.1
dummy,3.38,4.35,3.67,1.26,2,1.87,1.55,1.65
dump,3.21,4.12,3.83,1.13,2.3,2.47,2.13,2.47
dustpan,3.98,3.43,5.45,1.11,1.18,1.11,1.07,1.39
earth,7.15,4.24,5.61,3.47,1.8,2.07,1.9,1.73
easy,7.1,4.48,7,3.94,1.06,1.06,1.19,1.1
easygoing,7.2,4.3,5.25,3.78,1.18,1.14,1.21,1.14
eat,7.47,5.69,5.6,3.83,1.24,1.45,1.21,1.59
ecstasy,7.98,7.38,6.68,3.97,1.1,1.2,1.93,1.47
education,6.69,5.74,6.15,3.46,1.46,1.29,1.57,1.11
egg,5.29,3.76,4.49,1.97,1.26,1.16,1.26,1.39
elated,7.45,6.21,5.53,3.9,1.25,1.16,1.12,1.05
elbow,5.12,3.81,4.88,1.35,1.35,1.23,1.29,1.1
elegant,7.43,4.53,5.95,2.84,1.32,1.39,1.16,1.16
elevator,5.44,4.16,4.32,1.36,1.07,1.11,1.5,1.04
embarrassed,3.03,5.87,2.87,1.5,2.63,2.7,2.83,1.97
embattled,4.39,5.36,4.81,1.28,2.48,2.19,2.74,1.92
employment,6.47,5.28,5.73,3.33,2,1.47,1.93,1.4
engaged,8,6.77,6.49,4.03,1.14,1.21,1.9,1.1
engine,5.2,3.98,5,1.74,1.1,1.13,1.32,1.32
enjoyment,7.8,5.2,6.46,4.32,1.03,1.06,1.1,1.13
ennui,5.09,4.4,4.67,1.39,1.26,1.3,1.41,1.3
enraged,2.46,7.97,6.33,1.07,4.03,2.1,2.6,1.67
erotic,7.43,7.24,6.39,3.87,1.13,1.07,1.27,1.37
errand,4.58,3.85,4.78,1.6,1.8,1.33,1.2,1.5
event,6.21,5.1,5.52,2.5,1.43,1.43,1.43,1.29
evil,3.23,6.39,5.25,1.04,3.54,2.55,3.5,2.36
excellence,8.38,5.54,7.28,4.3,1.23,1.17,1.23,1.23
excitement,7.5,7.67,6.18,4.48,1.24,1.1,1.24,1.03
excuse,4.05,4.48,4.07,1.66,1.93,1.55,1.59,1.86
execution,2.37,5.71,4.11,1.16,2.94,3.1,2.84,2.61
exercise,7.13,6.84,5.68,3.52,1.55,1.35,1.26,1.35
fabric,5.3,4.14,5.03,1.62,1.31,1.21,1.21,1.34
face,6.39,5.04,5.67,2.77,1.6,1.77,1.6,1.53
failure,1.7,4.95,2.4,1.1,3.3,3.7,3.67,2.63
fall,4.09,4.7,4,2.42,1.42,1.48,1.68,1.2
fame,7.93,6.55,6.85,3.64,1.32,1.29,1.43,1.32
family,7.65,4.8,6,4.5,1.43,1.36,1.14,1.11
famous,6.98,5.73,6.32,3.39,1.21,1.14,1.21,1.39
fantasy,7.41,5.14,6.43,3.86,1.24,1.14,1.21,1.17
farm,5.53,3.9,5.59,2.83,1.27,1.57,1.3,1.73
fascinate,7.34,5.83,6.15,3.6,1.2,1.2,1.33,1.1
fat,2.28,4.81,4.47,1.57,2.7,2.73,2.43,3.37
father,7.08,5.92,5.63,3.81,1.55,1.35,1.42,1.13
fatigued,3.28,2.64,3.78,1.47,1.77,1.77,1.73,1.53
fault,3.43,4.07,4.02,1.17,2.66,1.97,2.28,1.72
favor,6.46,4.54,5.67,2.87,1.39,1.29,1.32,1.48
fear,2.76,6.96,3.22,1.16,2.19,2.26,4.55,1.48
fearful,2.25,6.33,3.64,1.04,2.25,2.21,4.11,1.39
feeble,3.26,4.1,2.71,1.31,1.69,2.14,1.55,1.41
festive,7.3,6.58,5.77,4.23,1.17,1.27,1.17,1.17
fever,2.76,4.29,3.52,1.13,2,2.32,2.19,1.77
field,6.2,4.08,5.84,2.68,1.23,1.29,1.26,1.16
fight,3.76,7.15,5.27,1.46,3.57,2.29,2.64,1.82
filth,2.47,5.12,3.81,1.48,2.21,2.31,2.03,4
finger,5.29,3.78,5.05,2.1,1.37,1.4,1.43,1.4
fire,3.22,7.17,4.49,1.45,2.52,2.76,3.28,1.83
fireworks,7.55,6.67,5.51,3.61,1.26,1.23,1.71,1.13
fish,6.04,4,6.02,2.74,1.13,1.35,1.16,1.42
flabby,2.66,4.82,3.31,1.37,2.03,2.2,1.67,3.37
flag,6.02,4.6,5.5,3.14,1.45,1.55,1.48,1.34
flirt,7.52,6.91,6.24,3.97,1.57,1.63,1.6,1.43
flood,3.19,6,3.24,1.17,2.31,3.45,3.1,2.45
flower,6.64,4,4.98,3.16,1.23,1.48,1.23,1.19
foam,6.07,5.26,5.24,1.81,1.23,1.26,1.32,1.39
food,7.65,5.92,6.18,3.71,1.42,1.35,1.32,1.74
foot,5.02,3.27,4.98,1.53,1.23,1.17,1.17,2.07
fork,5.29,3.96,5.74,1.77,1.1,1.13,1.13,1.35
foul,2.81,4.93,4.51,1.31,2.66,1.62,1.76,2.54
fragrance,6.07,4.79,5.14,3.4,1.47,1.63,1.33,2.1
fraud,2.67,5.75,3.58,1.16,3.03,2.19,1.97,2.16
free,8.26,5.15,6.35,4.21,1.21,1.04,1.29,1.14
freedom,7.58,5.52,6.76,3.93,1.4,1.57,1.5,1.17
friend,7.74,5.74,6.74,4.58,1.34,1.44,1.14,1.03
friendly,8.43,5.11,5.92,4.46,1.04,1.07,1.04,1.04
frigid,3.5,4.75,4.27,1.2,1.73,2,2.3,1.63
frog,5.71,4.54,5.34,2.39,1.23,1.26,1.35,1.58
frustrated,2.48,5.61,3.5,1,3.75,2,1.75,1.82
fun,8.37,7.22,6.8,4.68,1.03,1.06,1.1,1.03
funeral,1.39,4.94,2.97,1.03,2.5,4.2,2.73,1.8
fungus,3.06,4.68,4.06,1.29,1.42,1.39,1.71,3.29
fur,4.51,4.18,4.32,2.47,1.37,1.47,1.3,1.57
game,6.98,5.89,5.7,3.38,1.66,1.59,1.45,1.28
gangrene,2.28,5.7,3.36,1.11,1.93,2.39,2.57,3.47
garbage,2.98,5.04,4.24,1.14,1.64,1.49,1.57,3.43
garden,6.71,4.39,6.02,2.81,1.13,1.06,1.1,1.32
garment,6.07,4.49,5.3,1.97,1.33,1.17,1.13,1.17
garter,6.22,5.47,5.82,3.17,1.28,1.16,1.42,1.12
gender,5.73,4.38,5.6,2.24,1.45,1.52,1.38,1.45
gentle,7.31,3.21,5.1,3.45,1.41,1.24,1.31,1.17
germs,2.86,4.49,3.79,1.3,1.87,2.03,2.8,3.43
gift,7.77,6.14,5.52,4.31,1.17,1.21,1.31,1.07
girl,6.87,4.29,5.8,3.8,1.4,1.63,1.6,1.13
glacier,5.5,4.24,4.92,1.82,1.11,1.21,1.61,1.04
glamour,6.76,4.68,5.76,2.81,1.39,1.39,1.26,1.58
glass,4.75,4.27,5,1.69,1.34,1.31,1.62,1.14
gloom,1.88,3.83,3.55,1.28,1.72,3.1,1.93,1.69
glory,7.55,6.02,6.85,4.16,1.32,1.23,1.23,1.1
god,8.15,5.95,5.88,3.86,1.39,1.5,2.14,1.14
gold,7.54,5.76,5.85,3.59,1.21,1.07,1.17,1.28
golfer,5.61,3.73,5.55,3.34,1.52,1.21,1.21,1.34
good,7.47,5.43,6.41,4.43,1.2,1.1,1.1,1.07
gossip,3.48,5.74,3.57,1.31,3.38,2.1,1.93,2.97
graduate,8.19,7.25,6.94,4.06,1.16,1.68,1.84,1.16
grass,6.12,4.14,5.44,2.71,1.26,1.1,1.16,1.19
grateful,7.37,4.58,6.18,3.69,1.1,1.17,1,1
greed,3.51,4.71,4.88,1.39,2.82,2.32,2.21,2.79
green,6.18,4.28,4.82,2.93,1.17,1.1,1.1,1.1
greet,7,5.27,5.95,3.5,1.23,1.17,1.53,1.13
grenade,3.6,5.7,4.29,1.11,2.61,2.07,3.29,1.71
grief,1.69,4.78,3.5,1.27,2.5,3.6,2.1,1.67
grime,3.37,3.98,4.47,1,1.64,1.29,1.5,3.57
grin,7.4,5.27,6,3.73,1.33,1.23,1.2,1.24
gripe,3.14,5,4.67,1.14,2.39,1.39,1.21,1.71
guillotine,2.48,6.56,4.64,1.1,2.59,2.31,3.24,2.72
guilty,2.63,6.04,3.09,1.18,2.5,2.57,2.46,1.79
gun,3.47,7.02,3.53,1.39,2.57,2.18,3.39,1.86
gymnast,6.35,5.02,5.31,2.68,1.16,1.13,1.42,1.13
habit,4.11,3.95,4.3,1.86,1.72,1.55,1.69,1.59
hairdryer,4.84,3.71,5.57,1.69,1.45,1.17,1.28,1.34
hairpin,5.26,3.27,5.05,1.33,1.17,1.23,1.17,1.13
hamburger,6.27,4.55,5.32,3.04,1.18,1.14,1.18,1.43
hammer,4.88,4.58,4.75,1.52,1.81,1.35,1.61,1.26
hand,5.95,4.4,5.35,2.16,1.26,1.35,1.26,1.26
handicap,3.29,3.81,4,1.24,1.76,2.9,2.21,1.38
handsome,7.93,5.95,5.19,3.76,1.28,1.14,1.21,1.07
haphazard,4.02,4.07,4.29,1.32,2.1,1.74,2.34,1.84
happy,8.21,6.49,6.63,4.48,1.1,1.32,1.16,1.1
hard,5.22,5.12,5.59,1.45,2.23,1.52,1.71,1.19
hardship,2.45,4.76,4.22,1.23,2.87,2.9,2.8,1.73
hat,5.46,4.1,5.39,2.4,1.17,1.2,1.1,1.27
hate,2.12,6.95,5.05,1,3.75,2.68,2.68,2.86
hatred,1.98,6.66,4.3,1.24,4.03,3.14,2.93,3.41
hawk,5.88,4.39,5.5,2.27,1.14,1.07,1.5,1
hay,5.24,3.95,5.37,1.89,1.11,1.14,1.14,1.07
headache,2.02,5.07,3.6,1,2.68,2.21,2.14,1.75
headlight,5.24,3.81,4.88,1.66,1.28,1.24,1.59,1.1
heal,7.09,4.77,5.79,3.75,1.18,1.18,1.21,1.11
health,6.81,5.13,5.83,4.14,1.45,1.59,1.9,1.38
heart,7.39,6.34,5.49,3.32,1.26,1.48,1.32,1.13
heaven,7.3,5.61,6.15,4.19,1.16,1.29,1.55,1.06
hell,2.24,5.38,3.24,1.16,2.74,2.84,3.19,2.48
helpless,2.2,5.34,2.27,1.2,3.17,3.3,2.87,2
heroin,4.36,5.11,4.8,1.55,2.13,2.03,2.13,2.9
hide,4.32,5.28,3.4,1.48,1.42,1.61,2.48,1.19
highway,5.92,5.16,5.66,2.41,1.59,1.1,1.45,1.34
hinder,3.81,4.12,4.21,1.33,2.67,2.4,2.2,2.07
history,5.24,3.93,4.83,2.06,1.55,1.68,1.55,1.52
hit,4.33,5.73,4.88,1.6,3,2.17,2.23,1.87
holiday,7.55,6.59,6.3,4.5,1.11,1.36,1.04,1.04
home,7.91,4.21,5.9,4.11,1.26,1.42,1.16,1.06
honest,7.7,5.32,6.24,3.75,1.07,1.18,1.46,1.04
honey,6.73,4.51,5.44,2.96,1.14,1.18,1.04,1.07
honor,7.66,5.9,6.7,4,1.43,1.3,1.17,1.33
hooker,3.34,4.93,4.73,1.64,1.54,2.21,1.18,3.32
hope,7.05,5.44,5.52,3.58,1.23,1.55,1.42,1.23
hopeful,7.1,5.78,5.41,3.79,1.31,1.38,1.34,1.1
horror,2.76,7.21,4.63,1.34,1.86,1.62,3.55,1.55
horse,5.89,3.89,4.67,3,1.1,1.13,1.23,1.23
hospital,5.04,5.98,4.69,1.32,1.64,3.04,3,1.82
hostage,2.2,6.76,2.83,1.16,2.74,2.71,2.84,2.1
hostile,2.73,6.44,4.85,1.16,3.29,1.81,2.71,1.68
hotel,6,4.8,5.12,2.86,1.48,1.41,1.34,1.62
house,7.26,4.56,6.08,2.9,1.26,1.39,1.19,1.32
hug,8,5.35,5.79,4.25,1.18,1.32,1.23,1.18
humane,6.89,4.5,5.7,2.94,1.19,1.35,1.26,1.19
humble,5.86,3.74,4.76,2.7,1.33,1.5,1.27,1.13
humiliate,2.24,6.14,2.6,1.23,3.37,3.4,3.03,2.67
humor,8.56,5.5,6.08,4.23,1.17,1.27,1.13,1.27
hungry,3.58,5.13,4.68,1.52,1.65,1.81,1.61,1.55
hurricane,3.34,6.83,3.07,1.14,2.72,3.45,3.31,2.24
hurt,1.9,5.85,3.33,1.14,3.1,3.2,3,2.33
hydrant,5.02,3.71,5.53,1.65,1.19,1.23,1.16,1.1
icebox,4.95,4.17,5.05,1.86,1.28,1.45,1.38,1.14
idea,7,5.86,6.26,3.04,1.46,1.43,1.46,1.36
identity,6.57,4.95,6.4,2.36,1.43,1.43,1.61,1.14
idiot,3.16,4.21,3.18,1.35,2.39,1.94,1.45,2.03
idol,6.12,4.95,5.37,2.53,1.53,1.63,1.33,1.57
ignorance,3.07,4.39,4.41,1.2,3.13,2.13,1.93,2.67
illness,2.48,4.71,3.21,1.07,2.5,2.97,2.93,2.77
imagine,7.32,5.98,7.07,3.32,1.14,1.14,1.32,1.04
immature,3.39,4.15,4.85,1.53,2.53,1.5,1.37,2.3
immoral,3.5,4.98,4.66,1.29,2.52,2.29,2.03,2.29
impair,3.18,4.04,4.09,1.27,2.17,2.18,2.53,1.67
impotent,2.81,4.57,3.43,1.04,2,2.36,2.11,1.86
impressed,7.33,5.42,5.51,3.35,1.23,1.19,1.39,1.06
improve,7.65,5.69,6.08,3.66,1.24,1.14,1.38,1.03
incentive,7,5.69,5.93,3.21,1.21,1.17,1.45,1.24
indifferent,4.61,3.18,4.84,1.66,1.55,1.66,1.52,1.45
industry,5.3,4.47,4.91,1.86,1.45,1.31,1.1,1.52
infant,6.95,5.05,5.67,3.41,1.29,1.07,1.18,1.07
infatuation,6.73,7.02,4.9,2.71,1.39,1.32,1.39,1.36
infection,1.66,5.03,3.61,1.24,2.65,2.79,3.07,3.52
inferior,3.07,3.83,2.78,1.07,2.57,2,2.04,1.86
inhabitant,5.05,3.95,5.37,1.68,1.16,1.29,1.29,1.16
injury,2.49,5.69,3.57,1.29,2.52,2.65,2.61,1.77
ink,5.05,3.84,4.61,1.83,1.36,1.17,1.24,1.24
innocent,6.51,4.21,5.28,3.17,1.3,1.27,1.33,1.27
insane,2.85,5.83,4.12,1.07,2.43,2.68,2.79,1.61
insect,4.07,4.07,4.56,1.6,1.83,1.5,2.33,2.43
insecure,2.36,5.56,2.33,1.07,2,2.71,2.38,1.75
insolent,4.35,5.38,4.5,1.52,1.77,2.13,1.88,1.78
inspire,6.97,5,6.34,3.58,1.26,1.26,1.23,1.13
inspired,7.15,6.02,6.67,3.86,1.18,1.21,1.36,1.14
insult,2.29,6,3.62,1.04,3.21,2.21,1.75,1.93
intellect,6.82,4.75,6.3,2.97,1.4,1.17,1.37,1.17
intercourse,7.36,7,6.4,4.48,1,1.21,1.24,1.1
interest,6.97,5.66,5.88,2.93,1.43,1.43,1.37,1.37
intimate,7.61,6.98,5.86,4.32,1.03,1.16,1.19,1.06
intruder,2.77,6.86,4,1,3.61,1.71,3.25,2.21
invader,3.05,5.5,4,1.17,3.34,2,3.21,2.76
invest,5.93,5.12,5.88,2.87,1.26,1.23,1.58,1.17
iron,4.9,3.76,5.1,1.48,1.42,1.13,1.23,1.06
irritate,3.11,5.76,5.03,1.23,3.52,1.52,1.52,1.55
item,5.26,3.24,5.26,1.58,1.35,1.29,1.26,1.23
jail,1.95,5.49,3.81,1.07,3.17,3.17,3.4,3.07
jealousy,2.51,6.36,3.8,1.04,3.21,2.61,2.21,2.21
jelly,5.66,3.7,4.53,2.71,1.13,1.06,1.19,1.32
jewel,7,5.38,5.59,3.46,1.21,1.11,1.11,1.07
joke,8.1,6.74,6.15,3.94,1.48,1.16,1.16,1.58
jolly,7.41,5.57,6.39,4.48,1.13,1.16,1.06,1.23
journal,5.14,4.05,5.26,1.87,1.47,1.73,1.5,1.23
joy,8.6,7.22,6.28,4.23,1.1,1.26,1.16,1.19
joyful,8.22,5.98,6.6,4.68,1.04,1,1,1
jug,5.24,3.88,5.05,1.64,1.14,1.11,1.04,1.18
justice,7.78,5.47,6.47,3.39,1.46,1.29,1.54,1.32
kerchief,5.11,3.43,5.25,1.43,1.07,1.18,1.04,1.29
kerosene,4.8,4.34,4.63,1.43,1.48,1.32,1.65,1.61
ketchup,5.6,4.09,5.29,2.27,1.17,1.17,1.13,1.37
kettle,5.22,3.22,5,1.6,1.27,1.23,1.37,1.23
key,5.68,3.7,4.98,2.41,1.38,1.31,1.34,1.28
kick,4.31,4.9,5.5,2.03,2.03,1.24,1.28,1.21
kids,6.91,5.27,5.07,4.14,1.83,1.69,1.86,1.48
killer,1.89,7.86,4.54,1.03,3.84,3.16,3.65,3.06
kind,7.59,4.46,5.95,4,1.11,1.04,1,1
kindness,7.82,4.3,5.67,4.36,1.04,1.07,1.04,1
king,7.26,5.51,7.38,3,1.58,1.23,1.58,1.23
kiss,8.26,7.32,6.93,4.38,1.31,1.41,1.38,1.14
kitten,6.86,5.08,6.86,3.55,1.23,1.29,1.23,1.19
knife,3.62,5.8,4.12,1.24,2.28,1.86,3.45,2.03
knot,4.64,4.07,4.67,1.42,2.13,1.35,1.23,1.06
knowledge,7.58,5.92,6.78,3.19,1.29,1.29,1.32,1.16
lake,6.82,3.95,4.9,3.55,1.13,1.19,1.32,1.26
lamb,5.89,3.36,4.91,2.9,1.13,1.4,1.17,1.3
lamp,5.41,3.8,5.27,1.61,1.11,1.11,1.18,1.11
lantern,5.57,4.05,5.07,1.82,1.04,1.11,1.39,1
laughter,8.45,6.75,6.45,4.35,1.1,1.16,1.06,1.06
lavish,6.21,4.93,5.64,3.38,1.32,1.22,1.17,1.5
lawn,5.24,4,5.37,2.31,1.45,1.07,1.1,1.31
lawsuit,3.37,4.93,3.92,1.17,3.59,2.41,2.69,2.66
lazy,4.38,2.65,4.07,1.71,2.19,1.84,1.58,2.45
leader,7.63,6.27,7.88,3.61,1.43,1.07,1.57,1.18
learn,7.15,5.39,6.34,3.41,1.41,1.41,1.52,1.07
legend,6.39,4.88,5.54,2.94,1.16,1.42,1.45,1.19
leisurely,6.88,3.8,5.15,3.18,1.25,1.07,1.11,1.14
leprosy,2.09,6.29,4,1.21,1.93,3.03,2.76,3.14
lesbian,4.67,5.12,5.35,2.75,1.18,1.25,1.29,1.68
letter,6.61,4.9,5.73,2.5,1.18,1.14,1.25,1.14
liberty,7.98,5.6,6.29,3.43,1.43,1.6,1.57,1.1
lice,2.31,5,3.95,1.1,2.3,2.23,3.07,3.83
lie,2.79,5.96,3.3,1.14,3.48,2.48,2.14,2.93
life,7.27,6.02,5.72,4.38,1.62,1.66,1.79,1.34
lightbulb,5.61,4.1,5.82,2.24,1.24,1,1,1.03
lighthouse,5.89,4.41,5.25,2.13,1.16,1.48,1.29,1.16
lightning,4.57,6.61,3.67,2.13,1.7,1.37,2.57,1.17
limber,5.68,4.57,5.34,2.1,1.35,1.26,1.19,1.29
lion,5.57,6.2,4.12,2.32,1.5,1.07,2.64,1.04
listless,4.12,4.1,4.14,1.18,1.25,1.43,1.11,1.18
lively,7.2,5.53,6.09,4.03,1.26,1.13,1.1,1.1
locker,5.19,3.38,5.36,1.79,1.28,1.31,1.34,1.45
loneliness,1.61,4.56,2.51,1.26,1.9,3.48,2.65,1.58
lonely,2.17,4.51,2.95,1.07,2.13,3.93,2.87,1.6
loser,2.25,4.95,3.02,1.04,2.36,2.75,2.32,1.93
lost,2.82,5.82,2.86,1.29,2.58,2.71,3.19,1.74
lottery,6.57,5.36,4.81,3.62,1.62,1.48,1.1,1.45
louse,2.81,4.98,3.57,1.42,2.01,1.67,1.55,2.13
love,8.72,6.44,7.11,4.69,1.62,1.86,1.59,1.21
loved,8.64,6.38,6.62,4.68,1.21,1.29,1.29,1.04
loyal,7.55,5.16,6.91,3.93,1.23,1.3,1.23,1.23
lucky,8.17,6.53,6.05,3.97,1.66,1.38,1.28,1.31
lump,4.16,4.8,4.32,1.23,1.8,2.2,2.43,2.57
luscious,7.5,5.34,5.68,3.14,1.07,1.18,1.14,1.11
lust,7.12,6.88,5.49,3.11,1.46,1.36,1.54,1.57
luxury,7.88,4.75,6.4,3.89,1.11,1.07,1.04,1.46
machine,5.09,3.82,5.23,1.83,1.73,1.43,1.53,1.23
mad,2.44,6.76,5.86,1.14,3.79,2.18,2.24,1.89
madman,3.91,5.56,4.79,1,3,2.14,3.39,2
maggot,2.06,5.28,4.03,1,2.21,1.42,2.31,4.47
magical,7.46,5.95,5.73,3.57,1.11,1.11,1.32,1.04
mail,6.88,5.63,5.67,3.03,1.52,1.45,1.48,1.31
malaria,2.4,4.4,3.22,1.03,2.11,3.18,3.63,3.03
malice,2.69,5.86,4.74,1.04,2.96,1.96,2.36,2.11
man,6.73,5.24,5.53,2.24,1.38,1.24,1.41,1.31
mangle,3.9,5.44,4.61,1.27,2.64,2.7,2.82,2.61
maniac,3.76,5.39,4.22,1.31,2.93,2.28,3.38,2.41
manner,5.64,4.56,5.05,2.23,1.47,1.23,1.1,1.3
mantel,4.93,3.27,4.95,1.52,1.23,1.26,1.16,1.13
manure,3.1,4.17,4.67,1.17,2,1.34,1.66,3.45
market,5.66,4.12,5.27,2.07,1.57,1.47,1.57,1.57
massacre,2.28,5.33,3.5,1,3.57,3.64,3.54,3.21
masterful,7.09,5.2,7.18,3.3,1.43,1.27,1.5,1.23
masturbate,5.45,5.67,5.63,3,1.16,1.32,1.13,1.74
material,5.26,4.05,5.12,1.9,1.43,1.47,1.4,1.53
measles,2.74,5.06,4.13,1,1.82,2.57,2.39,2.71
medicine,5.67,4.4,4.7,2.54,1.14,1.39,1.86,1.36
meek,3.87,3.8,3.67,1.63,1.48,2.2,1.89,1.38
melody,7.07,4.98,5.46,3.9,1.17,1.28,1.14,1.14
memories,7.48,6.1,5.88,3.82,2.32,2.86,2,1.64
memory,6.62,5.42,5.11,3.1,2.07,2.41,1.9,1.9
menace,2.88,5.52,4.98,1.18,2.5,1.79,2.14,2.11
merry,7.9,5.9,6.64,4.07,1.07,1.17,1.14,1.1
messy,3.15,3.34,4.75,1.52,2.72,1.52,1.21,2.79
metal,4.95,3.79,5.38,1.5,1.36,1.07,1.21,1.04
method,5.56,3.85,5.67,1.61,1.19,1.19,1.1,1.29
mighty,6.54,5.61,7.23,3.04,1.5,1.25,1.68,1.14
mildew,3.17,4.08,4.4,1.1,1.68,1.52,1.81,2.94
milk,5.95,3.68,5.83,2.6,1.13,1.2,1.07,1.4
millionaire,8.03,6.14,6.97,3.77,1.39,1.52,1.52,1.32
mind,6.68,5,6.37,2.83,2.03,1.93,2.17,1.8
miracle,8.6,7.65,5.35,4.43,1.13,1.17,1.17,1.2
mischief,5.57,5.76,5.56,2.11,1.94,1.51,2.01,1.73
misery,1.93,5.17,2.55,1.06,2.52,4.16,2.61,2.26
mistake,2.86,5.18,3.86,1.29,2.52,2.26,2.45,1.77
mobility,6.83,5,6.43,3,1.28,1.45,1.48,1.52
modest,5.76,3.98,4.96,2.3,1.4,1.2,1.23,1.33
mold,3.55,4.07,4.33,1.17,1.83,1.45,1.45,3.24
moment,5.76,3.83,4.81,2.18,1.5,1.43,1.46,1.29
money,7.59,5.7,6.25,4.14,2,1.76,1.76,2.07
month,5.15,4.03,4.85,1.49,1.04,1,1.07,1.04
moody,3.2,4.18,4.39,1.29,2.84,2.45,1.68,1.55
moral,6.2,4.49,5.9,2.97,1.6,1.47,1.4,1.4
morbid,2.87,5.06,4.34,1.17,2.17,3.09,2.96,2.82
morgue,1.92,4.84,3.61,1,1.96,3.54,3.14,3
mosquito,2.8,4.78,4.51,1.33,3.1,1.53,1.93,3
mother,8.39,6.13,5.74,4.29,1.32,1.39,1.25,1.07
mountain,6.59,5.49,5.46,2.93,1.43,1.33,1.9,1.23
movie,6.86,4.93,5,3.57,1.6,1.87,1.73,1.63
mucus,3.34,3.41,4.8,1.1,1.34,1.26,1.54,3.86
muddy,4.44,4.13,4.73,2.14,1.66,1.55,1.59,2.45
muffin,6.57,4.76,5.51,3.43,1,1.04,1,1
murderer,1.53,7.47,3.77,1.14,4.21,3.62,3.97,4.03
muscular,6.82,5.47,6.58,3.07,1.37,1.33,1.53,1.6
museum,5.54,3.6,5.32,2.43,1.39,1.39,1.32,1.21
mushroom,5.78,4.72,5.52,2.36,1.04,1.14,1.36,1.43
music,8.13,5.32,6.39,4,1.68,1.77,1.35,1.29
mutation,3.91,4.84,4.07,1.28,1.9,2.38,2.55,2.79
mutilate,1.82,6.41,3.41,1.16,2.97,2.68,2.77,3.13
mystic,6,4.84,5.52,2.52,1.21,1.55,1.65,1.21
naked,6.34,5.8,6,3.52,1.28,1.21,1.79,1.48
name,5.55,4.25,5.16,2.4,1.53,1.47,1.4,1.3
narcotic,4.29,4.93,4.44,1.76,2.24,2.48,2.52,2.66
nasty,3.58,4.89,5,1.18,2.21,1.75,1.89,3.64
natural,6.59,4.09,5.57,3.03,1.4,1.5,1.37,1.33
nature,7.65,4.37,4.95,3.55,1.16,1.29,1.16,1.29
nectar,6.9,3.89,4.54,2.47,1.18,1.08,1.15,1
needle,3.82,5.36,3.95,1.48,1.72,1.62,2.52,1.72
neglect,2.63,4.83,3.85,1.1,3.24,3.14,2.48,3.03
nervous,3.29,6.59,3.56,1.35,1.84,1.84,3.32,1.61
neurotic,4.45,5.13,4.41,1.21,1.96,1.61,1.86,1.57
news,5.3,5.17,4.6,2.13,2.19,2.26,2.03,1.94
nice,6.55,4.38,5.58,3.83,1.17,1.2,1.17,1.13
nightmare,1.91,7.59,3.68,1.1,2.27,2.27,3.57,1.87
nipple,6.27,5.56,5.57,3.38,1.03,1.07,1.03,1.38
noisy,5.02,6.38,4.93,1.29,2.89,1.36,1.32,1.32
nonchalant,4.74,3.12,4.31,1.81,1.39,1.23,1.19,1.65
nonsense,4.61,4.17,4.9,1.43,1.93,1.36,1.39,1.79
noose,3.76,4.39,4.17,1.29,2.39,2.21,2.5,2.14
nourish,6.46,4.29,5.8,3.4,1.27,1.47,1.43,1.4
nude,6.82,6.41,5.96,3.52,1.19,1.16,1.55,1.32
nuisance,3.27,4.49,4.36,1.16,3.1,1.84,1.68,2.1
nun,4.93,2.93,4.93,2.43,1.33,1.53,1.23,1.3
nurse,6.08,4.84,4.84,2.18,1.21,1.46,1.64,1.18
nursery,5.73,4.04,5.18,2.93,1.18,1.32,1.07,1.14
obesity,2.73,3.87,3.74,1.23,2.23,2.39,1.9,3.32
obey,4.52,4.23,4.26,1.86,2.07,1.54,1.57,1.43
obnoxious,3.5,4.74,5.39,1.23,3.43,1.43,1.57,3
obscene,4.23,5.04,4.48,1.38,2.21,1.59,1.72,2.86
obsession,4.52,6.41,4.77,1.59,1.9,2.24,2.28,2.07
ocean,7.12,4.95,5.53,3.83,1.21,1.41,2,1.17
odd,4.82,4.27,4.77,1.61,1.46,1.54,1.5,1.64
offend,2.76,5.56,3.73,1.2,3.53,2.57,2.1,2.47
office,5.24,4.08,5.59,1.67,2.27,2.03,2.03,1.83
opinion,6.28,4.89,5.53,2.21,1.66,1.38,1.48,1.76
optimism,6.95,5.34,6.61,3.76,1.14,1.03,1.21,1.14
option,6.49,4.74,6.34,2.52,1.41,1.17,1.59,1.17
orchestra,6.02,3.52,5.17,2.83,1.53,1.7,1.27,1.13
orgasm,8.32,8.1,6.83,4.62,1.1,1.07,1.14,1.1
outdoors,7.47,5.92,6.27,3.8,1.37,1.37,1.57,1.47
outrage,3.52,6.83,5.26,1.04,3.54,1.96,2.25,2.07
outstanding,7.75,6.24,6.4,3.71,1.29,1.23,1.32,1.26
overcast,3.65,3.46,4.2,1.43,1.8,2.9,1.47,1.7
overwhelmed,4.19,7,3.89,1.64,2.46,1.89,2.54,1.43
owl,5.8,3.98,5.82,2.03,1.45,1.58,1.52,1.26
pain,2.13,6.5,3.71,1.24,3.21,2.9,3.03,2.28
paint,5.62,4.1,5.75,2.26,1.48,1.19,1.23,1.19
palace,7.19,5.1,5.69,4,1.28,1.17,1.21,1.1
pamphlet,4.79,3.62,4.63,1.94,1.5,1.18,1.18,1.25
pancakes,6.08,4.06,5.76,3.72,1.1,1.17,1.03,1.38
panic,3.12,7.02,3.2,1.33,2.5,2.4,3.47,1.73
paper,5.2,2.5,4.47,1.57,2.07,1.73,1.63,1.73
paradise,8.72,5.12,6.03,4.82,1.07,1.04,1,1
paralysis,1.98,4.73,2.56,1.1,2.5,3.23,2.8,1.55
part,5.11,3.82,4.75,1.64,1.36,1.5,1.29,1.29
party,7.86,6.69,5.83,3.97,1.45,1.39,1.48,1.29
passage,5.28,4.36,5.02,1.69,1.07,1.14,1.59,1.03
passion,8.03,7.26,6.13,4.13,1.6,1.4,1.43,1.2
pasta,6.69,4.94,5.8,2.97,1.1,1.03,1,1.24
patent,5.29,3.5,4.9,1.64,1.14,1.04,1.11,1.14
patient,5.29,4.21,4.9,1.86,1.64,1.86,1.68,1.25
patriot,6.71,5.17,5.9,3.07,1.87,1.57,1.7,1.37
peace,7.72,2.95,5.45,4.43,1.07,1.33,1.13,1.1
penalty,2.83,5.1,3.95,1.06,2.74,1.87,2,1.42
pencil,5.22,3.14,4.78,1.29,1.61,1.18,1.07,1.39
penis,5.9,5.54,5.92,2.43,1.3,1.33,1.37,1.67
penthouse,6.81,5.52,6.52,3.52,1.34,1.38,1.21,1.62
people,7.33,5.94,6.14,2.71,1.86,1.77,1.68,1.81
perfection,7.25,5.95,6.71,3.79,1.46,1.36,1.57,1.36
perfume,6.76,5.05,5.93,2.68,1.32,1.18,1.04,1.32
person,6.32,4.19,5.35,3.1,2.2,2.17,2,1.87
pervert,2.79,6.26,4.72,1.06,2.74,2.06,2.03,3.9
pest,3.13,5.62,5.29,1.2,3.33,1.83,2,3.07
pet,6.79,5.1,5.85,3.9,1.3,1.77,1.2,1.4
phase,5.17,3.98,4.65,1.67,1.83,1.6,1.43,1.4
pie,6.41,4.2,5.35,3.79,1.21,1.14,1.07,1.31
pig,5.07,4.2,5.34,2,1.32,1.25,1.25,2.18
pillow,7.92,2.97,4.56,3.26,1.26,1.26,1.1,1.13
pinch,3.83,4.59,4.76,1.25,2.32,1.39,1.61,1.29
pistol,4.2,6.15,5.05,1.54,2.47,2.06,3.01,2.03
pity,3.37,3.72,4.12,1.14,1.93,2.96,1.57,1.82
pizza,6.65,5.24,5.69,3.96,1.04,1,1,1.07
plain,4.39,3.52,4.71,1.61,1.57,1.64,1.39,1.36
plane,6.43,6.14,4.78,2.2,1.47,1.4,2.03,1.33
plant,5.98,3.62,4.71,2.11,1.07,1.04,1,1.04
pleasure,8.28,5.74,6.15,4.53,1.2,1.2,1.43,1.33
poetry,5.86,4,5.31,2.61,1.64,2.14,1.54,1.43
poison,1.98,6.05,3.1,1.04,2.54,2.43,3.57,2.54
politeness,7.18,3.74,5.74,3.16,1.16,1.23,1.26,1.19
pollute,1.85,6.08,4.92,1,2.75,2.39,2.46,3.79
poster,5.34,3.93,4.91,2.25,1.14,1,1,1.04
poverty,1.67,4.87,3.21,1.04,2.68,3.64,2.57,2.43
power,6.54,6.67,7.28,3.31,1.69,1.31,2.28,1.52
powerful,6.84,5.83,7.19,3.32,1.5,1.11,1.96,1.25
prairie,5.75,3.41,4.62,2.55,1.19,1.23,1.16,1.13
present,6.95,5.12,5.83,4.1,1.19,1.29,1.19,1.06
pressure,3.38,6.07,3.45,1.43,2.33,2.1,2.77,1.9
prestige,7.26,5.86,6.9,3.8,1.4,1.23,1.33,1.33
pretty,7.75,6.03,5.5,4.03,1.33,1.57,1.37,1.2
prick,3.98,4.7,4.47,1.38,2.83,1.72,1.55,2.41
pride,7,5.83,7.06,3.72,1.59,1.34,1.28,1.48
priest,6.42,4.41,4.88,2.86,1.48,1.31,1.52,1.72
prison,2.05,5.7,4.2,1.1,3,3.27,3.47,3.37
privacy,5.88,4.12,5.66,2.69,1.38,1.41,1.52,1.21
profit,7.63,6.68,5.85,3.83,1.23,1.17,1.17,1.27
progress,7.73,6.02,6.76,3.39,1.14,1.07,1.39,1
promotion,8.2,6.44,6.79,4.07,1.23,1.27,1.37,1.27
protected,7.29,4.09,5.8,3.93,1.28,1.24,1.57,1.17
proud,8.03,5.56,6.74,3.21,1.5,1.21,1.46,1.21
pungent,3.95,4.24,4.78,1.21,1.57,1.39,1.46,2.54
punishment,2.22,5.93,3.5,1.21,3.34,2.83,2.9,1.9
puppy,7.56,5.85,5.51,3.93,1.24,1.31,1.1,1.1
pus,2.86,4.82,4.35,1.21,1.55,1.45,1.83,3.72
putrid,2.38,5.74,4.89,1.42,1.86,1.66,1.72,2.96
python,4.05,6.18,4.52,1.32,1.68,1.39,3.32,2.1
quality,6.25,4.48,5.64,3.27,1.63,1.4,1.23,1.4
quarrel,2.93,6.29,4.02,1.17,3.17,2.17,2.13,1.7
quart,5.39,3.59,5.2,1.45,1.16,1.13,1.1,1.16
queen,6.44,4.76,5.49,2.29,1.45,1.42,1.32,1.19
quick,6.64,6.57,6.57,2.52,1.38,1.28,1.45,1.24
quiet,5.58,2.82,4.42,2.13,1.42,2,1.68,1.16
rabbit,6.57,4.02,6.08,3,1.2,1.3,1.17,1.17
rabies,1.77,6.1,3.85,1,2.5,2.57,3.25,3.14
radiant,6.73,5.39,5.61,3.45,1.24,1.21,1.21,1.1
radiator,4.67,4.02,4.81,1.41,1.55,1.31,1.34,1.34
radio,6.73,4.78,5.28,3.1,1.6,1.2,1.17,1.37
rage,2.41,8.17,5.68,1.31,4.14,1.93,2.52,2.17
rain,5.08,3.65,4.78,2.38,1.6,2.17,1.38,1.34
rainbow,8.14,4.64,4.72,3.57,1.13,1.13,1.13,1.17
rancid,4.34,5.04,4.59,1,1.89,1.56,2.22,3.63
rape,1.25,6.81,2.97,1.07,4.21,3.97,2.79,4.41
rat,3.02,4.95,4.55,1.17,2.24,1.41,2.3,3.41
rattle,5.03,4.36,4.17,2,1.45,1.45,1.55,1.17
razor,4.81,5.36,4.91,1.19,1.71,1.74,2.23,1.32
red,6.41,5.29,5.78,2.11,2.14,1.36,1.68,1.21
refreshment,7.44,4.45,5,3.61,1.04,1.04,1,1
regretful,2.28,5.74,3.43,1.27,2.63,3.5,2.57,2.7
rejected,1.5,6.37,2.72,1,3.43,3.89,3.32,1.96
relaxed,7,2.39,5.55,4.19,1.06,1.03,1.1,1
repentant,5.53,4.69,5.42,1.55,1.58,1.81,1.39,1.45
reptile,4.77,5.18,4.77,1.71,1.11,1.04,1.89,1.61
rescue,7.7,6.53,6.45,4.14,1.34,1.69,2.03,1.17
resent,3.76,4.47,4.46,1.38,2.38,2.03,1.86,1.9
reserved,4.88,3.27,4.3,2.07,1.57,1.73,1.73,1.33
respect,7.64,5.19,6.89,3.9,1.34,1.24,1.52,1.07
respectful,7.22,4.6,5.67,3.8,1.37,1.2,1.5,1.27
restaurant,6.76,5.41,5.73,2.83,1.41,1.41,1.38,1.41
reunion,6.48,6.34,5.64,3.97,1.21,1.41,1.48,1.14
reverent,5.35,4,4.67,2.43,1.28,1.36,1.27,1.12
revolt,4.13,6.56,6.18,1.69,2.55,1.83,2.1,1.79
revolver,4.02,5.55,4.39,1.36,2.29,1.86,2.89,1.5
reward,7.53,4.95,6,4.34,1.38,1.14,1.14,1.03
riches,7.7,6.17,6.74,4.11,1.35,1.1,1.39,1.35
ridicule,3.13,5.83,3.87,1.14,3.29,2.29,2.04,1.86
rifle,4.02,6.35,4.16,1.63,2.43,1.8,2.83,1.8
rigid,3.66,4.66,4.61,1.42,1.81,1.82,1.7,1.52
riot,2.96,6.39,4.18,1.19,2.9,2.06,2.55,1.55
river,6.85,4.51,5.1,2.93,1.48,1.28,1.52,1.31
roach,2.35,6.64,4.82,1.21,1.71,1.45,2.34,4.03
robber,2.61,5.62,3.62,1,3.57,2.29,3.07,2.29
rock,5.56,4.52,5.15,1.87,1.4,1.27,1.47,1.4
rollercoaster,8.02,8.06,5.1,3.4,1.41,1.14,2.78,1.14
romantic,8.32,7.59,6.08,3.93,1.23,1.47,1.83,1.13
rotten,2.26,4.53,4.32,1.03,1.94,1.61,1.74,3.71
rough,4.74,5.33,4.81,1.57,2.21,1.54,1.79,1.25
rude,2.5,6.31,4.91,1,3.71,1.93,1.61,2.68
runner,5.67,4.76,5.47,2.5,1.25,1.21,1.11,1.07
rusty,3.86,3.77,4.53,1.3,1.97,1.9,1.67,2.22
sad,1.61,4.13,3.45,1.14,2.4,4.23,2.13,1.63
safe,7.07,3.86,5.81,3.93,1.04,1.04,1.5,1
sailboat,7.25,4.88,5.86,3.45,1.17,1.17,1.59,1.1
saint,6.49,4.49,5.37,3.61,1.13,1.13,1.1,1.19
salad,5.74,3.81,5.47,2.79,1.03,1.07,1.03,1.14
salute,5.92,5.31,5.46,2.9,1.48,1.41,1.59,1.21
sapphire,7,5,5.55,2.83,1.27,1.3,1.27,1.2
satisfied,7.94,4.94,6.14,3.86,1.04,1.04,1.14,1.04
save,6.45,4.95,6,3.41,1.1,1.21,1.28,1.03
savior,7.73,5.8,6.64,3.86,1.11,1.22,1.4,1.07
scalding,2.82,5.95,3.82,1.33,2.77,2.4,2.93,2.27
scandal,3.32,5.12,4.34,1.17,3.13,2.37,2.63,3.03
scapegoat,3.67,4.53,3.52,1.04,2.46,1.82,1.68,2.04
scar,3.38,4.79,3.88,1.16,1.94,2.06,1.9,1.68
scared,2.78,6.82,2.94,1.28,2.38,2.66,3.97,1.69
scholar,7.26,5.12,6.59,3.13,1.37,1.33,1.27,1.13
scissors,5.05,4.47,5.16,1.4,1.53,1.43,1.83,1.23
scorching,3.76,5,4.1,1.19,2.48,1.79,2.52,1.73
scorn,2.84,5.48,3.93,1.1,3.7,2.6,2.9,2.23
scornful,3.02,5.04,4.59,1.19,3.39,1.94,1.77,1.45
scorpion,3.69,5.38,3.98,1.27,2,1.53,3.23,2.23
scream,3.88,7.04,4.75,1.57,2.36,2.21,3.14,1.43
scum,2.43,4.88,4.26,1,2.07,1.39,1.71,3.89
scurvy,3.19,4.71,4.48,1.2,1.96,2.11,2.39,2.76
seasick,2.05,5.8,3.41,1.1,1.65,2.23,2.13,2.97
seat,4.95,2.95,4.84,1.61,1.07,1.14,1.07,1.07
secure,7.57,3.14,5.93,3.76,1.24,1.24,1.48,1.14
selfish,2.42,5.5,4.64,1.33,3.43,2.2,1.77,2.9
sentiment,5.98,4.41,5.09,2.61,1.18,1.64,1.14,1.07
serious,5.08,4,5.12,1.21,1.75,1.25,1.68,1.11
severe,3.2,5.26,3.83,1.4,2.43,2.13,2.4,1.8
sex,8.05,7.36,5.75,4.55,1.34,1.31,1.24,1.21
sexy,8.02,7.36,6.82,4.39,1.13,1.19,1.16,1.16
shadow,4.35,4.3,4.19,1.54,1.21,1.57,2.14,1.14
shamed,2.5,4.88,2.98,1.31,2.93,3.55,2.34,2.9
shark,3.65,7.16,2.63,1.52,1.94,1.68,3.06,1.45
sheltered,5.75,4.28,3.76,2.3,1.8,1.8,1.8,1.67
ship,5.55,4.38,5.12,2.07,1.17,1.24,1.45,1.14
shotgun,4.37,6.27,5.29,1.9,2.53,1.67,3.03,1.8
shriek,3.93,5.36,4.3,1.5,1.92,1.66,2.73,1.52
shy,4.64,3.77,3.44,1.55,1.66,2.28,2.52,1.55
sick,1.9,4.29,3.04,1.1,2.45,2.84,2.58,2.55
sickness,2.25,5.61,3.84,1.14,2.41,3.21,2.83,2.93
silk,6.9,3.71,4.81,2.86,1.03,1,1.03,1
silly,7.41,5.88,6,3.87,1.37,1.23,1.07,1.33
sin,2.8,5.78,3.62,1.16,2.74,2.58,2.68,2.55
sinful,2.93,6.29,4.24,1.19,2.68,2.65,2.55,2.23
sissy,3.14,5.17,3.58,1.31,2.21,2.03,2.1,1.93
skeptical,4.52,4.91,4.5,1.63,2.07,1.47,1.83,1.5
skijump,7.06,7.06,4.9,3,1.33,1.27,3.17,1.1
skull,4.27,4.75,4.86,1.27,2.07,1.87,2.47,2
sky,7.37,4.27,5.16,3.16,1.1,1.16,1.29,1.03
skyscraper,5.88,5.71,4.33,2.38,1.34,1.66,2.14,1.41
slap,2.95,6.46,4.21,1.13,3.19,1.77,1.9,1.65
slaughter,1.64,6.77,3.82,1.07,3.39,3.46,3.14,3.46
slave,1.84,6.21,3.29,1.18,3.61,3.86,2.61,2.93
sleep,7.2,2.8,5.41,4,1.24,1.45,1.24,1.34
slime,2.68,5.36,4.17,1.25,1.39,1.18,1.39,3.46
slow,3.93,3.39,4.35,1.43,2.37,1.8,1.87,2.23
slum,2.39,4.78,3.83,1.27,2.14,3,2.33,2.8
slush,4.66,3.73,4.91,1.57,1.57,1.93,1.4,2.1
smallpox,2.52,5.58,4.29,1,2.37,2.57,3.33,3.27
smooth,6.58,4.91,5.09,3.06,1.19,1.19,1.1,1.13
snake,3.31,6.82,3.78,1.33,1.87,1.63,3.17,2.3
snob,3.36,5.65,5.11,1.13,2.97,1.68,1.61,2.61
snow,7.08,5.75,5.8,3.53,1.63,1.53,1.3,1.27
snuggle,7.92,4.16,5.66,4.07,1.2,1.33,1.13,1.07
social,6.88,4.98,5.91,3.34,1.23,1.19,1.68,1.06
soft,7.12,4.63,6,3.59,1.24,1.28,1.17,1.17
solemn,4.32,3.56,4.61,2.04,1.44,2.23,1.56,1.35
song,7.1,6.07,5.85,3.33,1.87,2,1.5,1.5
soothe,7.3,4.4,5.36,3.96,1.04,1.11,1,1
sour,3.93,5.1,4.64,1.81,1.39,1.26,1.52,1.65
space,6.78,5.14,5.2,2.55,1.03,1.31,1.48,1.21
spanking,3.55,5.41,3.91,1.58,2.32,2.23,2.32,1.68
sphere,5.33,3.88,5,1.71,1.14,1.07,1.07,1.07
spider,3.33,5.71,4.75,1.29,1.64,1.39,2.96,2.64
spirit,7,5.56,5.82,3.52,1.35,1.42,1.42,1.29
spouse,7.58,5.21,5.53,3.87,1.67,1.67,1.7,1.1
spray,5.45,4.14,5.12,1.97,1.37,1.2,1.33,1.53
spring,7.76,5.67,6.26,4.23,1.23,1.23,1.3,1.2
square,4.74,3.18,4.51,1.53,1.45,1.47,1.37,1.5
stagnant,4.15,3.93,4.71,1.27,1.78,1.81,1.54,2.25
star,7.27,5.83,4.68,3.61,1.14,1.07,1.29,1.04
startled,4.5,6.93,4.48,1.29,2.13,1.61,2.65,1.45
starving,2.39,5.61,3.63,1.21,2.11,3.07,2.39,1.93
statue,5.17,3.46,4.95,1.79,1.21,1.36,1.18,1.18
stench,2.19,4.36,4.29,1.19,1.74,1.58,1.68,3.65
stiff,4.68,4.02,4.93,1.43,1.46,1.43,1.21,1.21
stink,3,4.26,4.16,1.04,2.39,1.82,1.96,3.5
stomach,4.82,3.93,4.68,1.86,1.31,1.31,1.28,1.86
stool,4.56,4,4.98,1.43,1.24,1.21,1.21,1.58
storm,4.95,5.71,4.54,2.21,1.9,1.38,2.03,1.14
stove,4.98,4.51,5.36,1.55,1.23,1.26,1.45,1.23
street,5.22,3.39,4.81,1.52,1.24,1.28,1.76,1.31
stress,2.09,7.45,3.93,1.29,3.13,2.35,2.29,1.84
strong,7.11,5.92,6.92,3.25,1.64,1.21,1.57,1.11
stupid,2.31,4.72,2.98,1.26,2.74,1.87,1.68,1.74
subdued,4.67,2.9,4.08,1.42,1.65,1.74,1.65,1.35
success,8.29,6.11,6.89,3.94,1.26,1.42,1.84,1.16
suffocate,1.56,6.03,3.44,1.04,2.89,3.11,4.07,2.36
sugar,6.74,5.64,5.5,3.13,1.29,1.1,1.19,1.52
suicide,1.25,5.73,3.58,1.03,3.19,4.48,3.23,3.26
sun,7.55,5.04,6.16,4.03,1.2,1.1,1.37,1.1
sunlight,7.76,6.1,5.63,3.54,1.07,1.04,1.07,1.07
sunrise,7.86,5.06,5.29,4.27,1.23,1.27,1.1,1.07
sunset,7.68,4.2,5.66,3.89,1.04,1.21,1.11,1.04
surgery,2.86,6.35,2.75,1.23,1.61,2.58,3.48,2.16
surprised,7.47,7.47,6.11,3.26,1.48,1.45,1.9,1.1
suspicious,3.76,6.25,4.47,1.2,2.53,1.6,2.7,1.8
swamp,5.14,4.86,5.29,1.32,1.39,1.29,1.89,2.36
sweetheart,8.42,5.5,6.03,4.55,1.1,1.34,1.1,1.1
swift,6.46,5.39,6.29,2.23,1.26,1.23,1.32,1.13
swimmer,6.54,4.82,5.96,2.48,1.13,1.06,1.1,1.03
syphilis,1.68,5.69,3.33,1.06,2.45,2.74,3.03,4.06
table,5.22,2.92,4.47,1.25,1,1,1,1
talent,7.56,6.27,6.49,3.71,1.07,1.11,1.21,1.11
tamper,4.1,4.95,4.58,1.07,2.44,1.52,1.66,1.58
tank,5.16,4.88,4.78,1.65,2.13,1.65,2.13,1.52
taste,6.66,5.22,5.5,2.84,1.29,1.13,1.45,2
taxi,5,3.41,4.64,1.93,1.47,1.43,1.5,1.83
teacher,5.68,4.05,5.11,2.77,1.97,1.47,1.43,1.47
tease,4.84,5.87,4.67,2.23,2.67,1.97,1.57,1.53
tender,6.93,4.88,5.33,2.83,1.27,1.77,1.2,1.23
tennis,6.02,4.61,5.61,2.35,1.19,1.16,1.29,1.19
tense,3.56,6.53,5.22,1.13,2.33,1.86,2.27,1.33
termite,3.58,5.39,3.87,1.07,2.83,1.83,2.7,3.17
terrible,1.93,6.27,3.58,1.24,2.41,2.72,2.62,1.97
terrific,8.16,6.23,6.6,4.62,1.07,1.03,1.03,1.07
terrified,1.72,7.86,3.08,1.14,1.82,1.89,4.14,1.46
terrorist,1.69,7.27,2.65,1.06,3.77,2.84,2.94,3.32
thankful,6.89,4.34,5.32,3.97,1.3,1.5,1.27,1.3
theory,5.3,4.62,4.88,1.64,1.29,1.25,1.32,1.14
thermometer,4.73,3.79,4.39,1.47,1.47,1.67,1.63,1.5
thief,2.13,6.89,3.79,1.26,3.29,2.23,2.87,2.52
thorn,3.64,5.14,4.45,1.1,2.39,1.77,2.29,1.65
thought,6.39,4.83,6.02,2.67,1.97,1.97,1.87,1.73
thoughtful,7.65,5.72,5.61,3.83,1.3,1.47,1.17,1.13
thrill,8.05,8.02,6.54,3.86,1.18,1.07,2.14,1
tidy,6.3,3.98,5.49,3.2,1.4,1.3,1.31,1.23
time,5.31,4.64,4.63,1.97,1.83,1.9,2.23,1.4
timid,3.86,4.11,3.09,1.42,1.74,2.03,2.29,1.61
tobacco,3.28,4.83,4.08,1.29,1.89,1.89,1.86,3.18
tomb,2.94,4.73,3.72,1.38,1.9,2.97,2.79,1.66
tool,5.19,4.33,5.67,1.71,1.25,1.04,1.07,1.07
toothache,1.98,5.55,3.9,1.14,2.48,1.83,2.03,1.9
tornado,2.55,6.83,4.3,1.35,1.97,2.26,2.94,1.52
torture,1.56,6.1,3.33,1.07,3.55,3.52,4,3.48
tower,5.46,3.95,5.78,1.39,1.39,1.46,1.68,1.14
toxic,2.1,6.4,4.42,1.16,2.16,2,2.84,2.97
toy,7,5.11,6.09,4.04,1.04,1,1.04,1
tragedy,1.78,6.24,3.5,1.14,2.82,4,3.1,2.21
traitor,2.22,5.78,4.61,1.06,3.9,2.42,2.23,2.68
trash,2.67,4.16,5.24,1.2,1.97,1.53,1.67,3.33
trauma,2.1,6.33,2.84,1.23,2.33,3.63,3.57,2.1
travel,7.1,6.21,6.31,3.32,1.29,1.48,1.77,1.13
treasure,8.27,6.75,6.36,4.42,1.03,1.06,1.19,1.03
treat,7.36,5.62,5.78,3.64,1.14,1.18,1.07,1.07
tree,6.32,3.42,5.08,2.46,1.11,1.07,1.14,1.11
triumph,7.8,5.78,6.98,4.13,1.5,1.27,1.43,1.3
triumphant,8.82,6.78,6.95,4.34,1.17,1.03,1.28,1.1
trophy,7.78,5.39,6.44,4.03,1.41,1.38,1.31,1.34
trouble,3.03,6.85,4.85,1.2,2.55,2.26,2.87,1.65
troubled,2.17,5.94,3.91,1.21,2.61,3.36,2.46,1.68
truck,5.47,4.84,5.33,2.14,1.45,1.17,1.21,1.31
trumpet,5.75,4.97,4.57,2.23,1.23,1.26,1.16,1.19
trunk,5.09,4.18,5.14,1.26,1.19,1.19,1.39,1.23
trust,6.68,5.3,6.61,3.67,1.73,1.57,1.73,1.37
truth,7.8,5,6.47,3.23,1.48,1.65,1.68,1.35
tumor,2.36,6.51,3.58,1.07,2.38,3.66,3.52,2.62
tune,6.93,4.71,5.74,2.71,1.16,1.26,1.1,1.13
twilight,7.23,4.7,5.59,2.42,1.26,1.61,1.68,1.26
ugly,2.43,5.38,4.26,1.17,2.21,2.79,2.17,2.86
ulcer,1.78,6.12,4.17,1.03,2.35,2.48,2.71,2.52
umbrella,5.16,3.68,5.42,2.03,1.59,1.38,1.31,1.48
unfaithful,2.05,6.2,3.02,1.13,3.97,3.4,2.9,3.99
unhappy,1.57,4.18,3.34,1.06,2.39,3.65,2.26,1.77
unit,5.59,3.75,5.11,1.73,1.23,1.23,1.2,1.03
untroubled,7.62,3.89,5.53,3.29,1.19,1.32,1.35,1.29
upset,2,5.86,4.08,1.1,3.1,3.57,2.17,1.9
urine,3.25,4.2,5.24,1.88,1.38,1.17,1.41,2.55
useful,7.14,4.26,5.93,3.07,1.33,1.17,1.2,1.13
useless,2.13,4.87,3.92,1.13,3,2.47,2.13,2.43
utensil,5.14,3.57,5.4,1.69,1.24,1.21,1.17,1.17
vacation,8.16,5.64,6.8,4.57,1.11,1.14,1.07,1.07
vagina,6.14,5.55,5.88,3.48,1.16,1.29,1.39,1.35
valentine,8.11,6.06,5.81,3.93,1.33,1.77,1.4,1.4
vampire,4.26,6.37,5.05,1.47,2.13,1.7,3.07,2.23
vandal,2.71,6.4,3.91,1.34,3.45,2.1,2.69,2.9
vanity,4.3,4.98,4.8,1.61,1.39,1.25,1.14,1.36
vehicle,6.27,4.63,5.77,2.7,1.7,1.57,2,1.3
venom,2.68,6.08,3.94,1.1,2.1,2.21,3.62,2.14
vest,5.25,3.95,5.09,1.8,1.26,1.24,1.37,1.3
victim,2.18,6.06,2.69,1.14,2.89,3.07,2.79,1.75
victory,8.32,6.63,7.26,4.57,1.14,1,1,1
vigorous,6.79,5.9,5.41,2.07,1.63,1.43,1.46,1.13
village,5.92,4.08,4.94,1.93,1.07,1.04,1.07,1
violent,2.29,6.89,5.16,1.1,3.69,3.1,3.31,2.83
violin,5.43,3.49,5.18,2.62,1.28,1.62,1.14,1.07
virgin,6.45,5.51,6.24,2.54,1.32,1.46,1.43,1.18
virtue,6.22,4.52,6.13,3.11,1.11,1.25,1.21,1.18
vision,6.62,4.66,6.02,2.84,1.48,1.19,1.32,1.06
volcano,4.84,6.33,3.25,1.29,2.06,1.61,2.71,1.35
vomit,2.06,5.75,3.58,1.14,1.83,1.72,1.79,4.24
voyage,6.25,5.55,5.18,2.45,1.16,1.32,1.84,1.1
wagon,5.37,3.98,5.05,1.87,1.13,1.13,1.23,1.26
war,2.08,7.49,4.5,1.25,3.36,3.25,3.43,2.86
warmth,7.41,3.73,5.61,3.97,1.17,1.17,1.14,1.1
wasp,3.37,5.5,3.76,1.13,2.5,1.63,2.83,2.03
waste,2.93,4.14,4.72,1.1,2.93,2.3,1.8,3.17
watch,5.78,4.1,5.37,1.86,1.24,1.48,1.59,1.55
water,6.61,4.97,5.08,2.86,1.18,1.14,1.29,1.07
waterfall,7.88,5.37,5.2,3.66,1.14,1.28,1.55,1.17
wealthy,7.7,5.8,6.77,4.03,1.43,1.63,1.5,1.4
weapon,3.97,6.03,5.19,1.38,2.79,2.1,3.79,2
weary,3.79,3.81,4,1.17,1.77,2.73,1.73,1.67
wedding,7.82,5.97,6.68,4.1,1.21,1.52,1.78,1.17
whistle,5.81,4.69,5.27,2.57,1.5,1.3,1.4,1.2
white,6.47,4.37,5.98,2.25,1.21,1.25,1.18,1.29
whore,2.3,5.85,4.61,1.45,2.34,2.55,1.62,3.48
wicked,2.96,6.09,4.36,1.1,3.03,2.1,3.27,2.5
wife,6.33,4.93,5.57,4.45,1.52,1.52,1.41,1.14
win,8.38,7.72,7.39,3.92,1.32,1.35,1.39,1.16
windmill,5.6,3.74,5.24,2.29,1.21,1.25,1.21,1.11
window,5.91,3.97,4.91,2.04,1.11,1.29,1.11,1.11
wine,5.95,4.78,5.31,3.23,1.4,1.9,1.4,1.73
wink,6.93,5.44,5.7,3.13,1.2,1.1,1.17,1.17
wise,7.52,3.91,6.7,3.03,1.35,1.29,1.16,1.23
world,6.5,5.32,5.26,2.55,1.77,1.81,1.84,1.65
wounds,2.51,5.82,3.92,1.52,2.1,2.41,2.45,2.1
writer,5.52,4.33,4.73,2.4,1.5,1.7,1.43,1.5
yacht,6.95,5.61,6.1,3.23,1.33,1.17,1.2,1.4
yellow,5.61,4.43,5.47,1.86,1.32,1.14,1.25,1.18
young,6.89,5.64,5.3,3.4,1.7,1.73,1.57,1.43
youth,6.75,5.67,5.11,3.67,1.77,1.77,1.77,1.7
zest,6.79,5.59,6,2.61,1.19,1.16,1.23,1.29
